CREATE DATABASE  IF NOT EXISTS `main`;
USE `main`;
-- MySQL dump 10.13  Distrib 8.0.33, for Win64 (x86_64)
--
-- Host: 127.0.0.1    Database: main
-- ------------------------------------------------------
-- Server version	8.0.33

/*!50503 SET NAMES utf8 */;

--
-- Table structure for table `article`
--

DROP TABLE IF EXISTS `article`;

CREATE TABLE `article` (
  `article_id` int NOT NULL AUTO_INCREMENT,
  `mem_id` int DEFAULT '888',
  `ac_type_id` int DEFAULT NULL,
  `article_title` varchar(45) NOT NULL,
  `article_time` timestamp NULL DEFAULT CURRENT_TIMESTAMP,
  `article_like` int DEFAULT '0',
  `comment_num` int DEFAULT '0',
  `article_con` varchar(1000) NOT NULL,
  `article_state` tinyint DEFAULT '1',
  `update_time` timestamp NULL DEFAULT CURRENT_TIMESTAMP,
  PRIMARY KEY (`article_id`)
) ENGINE=InnoDB AUTO_INCREMENT=60 DEFAULT CHARSET=utf8mb4 COLLATE=utf8mb4_0900_ai_ci;
--
-- Dumping data for table `article`
--

LOCK TABLES `article` WRITE;
INSERT INTO `article` VALUES
 (1,4,3,'日月潭是台灣最美的湖泊嗎','2023-09-02 16:00:00',8,9,'日月潭被譽為該國最美的湖泊之一。它位於南投縣，被認為是自然之美的極致體現。湖泊呈現出一個月亮和太陽的形狀，因此得名日月潭。您可以在湖上乘坐遊船，欣賞周圍山脈的壯觀美景，或者品味當地美味的小吃。日月潭是放鬆心情和品味自然之美的理想之地。',1,NULL),
 (3,3,3,'九份 - 台灣的小威尼斯','2023-09-02 16:00:00',10,7,'九份是一個風景如畫的小村莊，坐落在山坡上，俯瞰著台灣北海岸的海灣。這個地方因其曲折的街道和懸崖上的茶館而聞名。您可以漫遊於狹窄的巷道中，品味當地的小吃，並欣賞夕陽下的壯麗海景。九份也是知名的電影《悲情城市》的取景地，吸引了眾多的影迷。',0,NULL),
 (5,2,1,'金門 - 歷史與自然的結合','2023-09-02 16:00:00',2,7,'金門是台灣的離島之一，以其豐富的歷史和自然美景而聞名。這裡保存著許多古老的寺廟和碉樓，是了解台灣歷史的好地方。此外，您還可以在金門的沙灘上度過一個寧靜的下午，或者品味當地美食，如海鮮和花生酥餅。',1,NULL),
 (6,1,2,'玉山 - 台灣之巔','2023-09-02 16:00:00',1,8,'玉山是台灣最高的山脈，也是一個受歡迎的登山目的地。挑戰者可以嘗試攀登玉山主峰，一路上欣賞壯觀的自然風景，包括高山湖泊和冰河地形。峰頂的觀景台是欣賞整個台灣風景的理想之地。',1,NULL),
 (7,6,3,'墾丁 - 海灘樂','2023-09-03 07:15:33',1,5,'墾丁是台灣南部的一個熱門海灘度假勝地，擁有美麗的沙灘和藍色的海洋。這裡還有水上活動，如衝浪和浮潛，以及著名的墾丁大街，提供美味的當地小吃和購物。夜晚，您可以參加沙灘派對，享受音樂和娛樂。',1,NULL),
 (8,6,2,'布拉格風格小鎮 - 阿里山的童話世界','2023-09-02 16:00:00',1,5,'布拉格風格小鎮是阿里山的一個獨特景點，它的建築和風格仿照捷克首都布拉格。這個小鎮有著歐洲風情的建築、街道和咖啡廳，讓您感覺彷彿置身於歐洲童話故事中。您可以在這裡漫遊，品味美味的咖啡和點心，感受不同的文化風情',1,NULL),
 (9,6,1,'花蓮七星潭 - 海岸美景','2023-09-03 07:15:33',1,5,'花蓮七星潭是台灣東部海岸的一個美麗景點，以其清澈的海水和壯觀的海岸線而聞名。您可以在這裡享受寧靜的海灘，或者選擇參加水上活動，如衝浪和滑翔翼飛行。七星潭也是觀賞日出的好地方，一大早，太陽升起時的景色令人難以置信。',1,NULL),
 (10,6,2,'九族文化村 - 原住民文化之旅','2023-09-03 07:15:38',9,6,'九族文化村是一個原住民文化主題村莊，位於南投縣。在這裡，您可以了解台灣不同原住民部落的文化、藝術和傳統。村莊內有民族表演、手工藝品和傳統美食，讓您深入了解台灣多元的文化。此外，村莊周圍還有美麗的自然景色，如翠綠的山脈和湖泊。',1,NULL),
 (11,6,3,'九份老街 - 遠離塵囂的小巷弄','2023-09-03 07:15:33',1,5,'九份老街是台灣一個受歡迎的觀光勝地，這裡的小巷弄充滿著懷舊的氛圍。您可以品味當地的小吃，如芋圓冰和魚丸湯，同時欣賞古老的建築和擁擠的巷道。這個地方是《悲情城市》電影的拍攝地，吸引了許多影迷前來朝聖。',1,NULL),
 (12,6,1,'東北角海岸 - 自然奇觀之旅','2023-09-03 07:15:33',1,5,'台灣東北角海岸以其令人驚嘆的自然奇觀而聞名。您可以參觀野柳地質公園，觀察到壯觀的岩石風化現象，如女王頭和陰陽海。這個地區還有美麗的海灘，如福隆和貢寮，是放鬆和沐浴陽光的理想場所。',1,NULL),
 (13,6,1,'高雄蓮池潭 - 寧靜的湖泊之旅','2023-09-03 07:15:33',1,5,'高雄蓮池潭是一個寧靜的湖泊，坐落在綠意盎然的山區中。您可以租一艘小船，在湖上划船，欣賞湖光山色。這個地方也是賞荷花的好地方，每年夏天，成片的荷花盛開在湖面上，美不勝收。',1,NULL),
 (14,6,2,'金瓜石 - 礦業歷史之旅','2023-09-02 16:00:00',4,5,'金瓜石是台灣一個歷史豐富的地方，曾經是黃金礦業的中心。您可以參觀金瓜石黃金博物館，了解礦業歷史，還可以參觀廢棄礦坑和礦坑湖泊。這個地區的山脈也是徒步愛好者的好去處，提供壯觀的山間風景。',1,NULL),
 (15,5,3,'佛光山 - 寧靜的靈修之旅','2023-09-03 07:15:33',1,7,'佛光山是台灣一個寧靜的佛教寺廟，位於高雄市郊。這個寺廟擁有壯觀的建築和花園，提供遊客一個冥想和靈修的好場所。您可以參觀寺廟內的佛像，欣賞山脈和大自然的美麗景色。',1,NULL),
 (16,4,1,'大溪老街 - 古色古香的小鎮','2023-09-03 07:15:33',1,4,'大溪老街是一個保存完好的古老小鎮，位於新北市。這裡有許多古老的建築、廟宇和懷舊的街道，讓您彷彿穿越時光回到過去。您可以品味當地的小吃，如鳳梨酥和米糕，同時欣賞古老的文化遺產。',1,NULL),
 (17,5,1,'澎湖群島 - 藍色的海洋天堂','2023-09-02 16:00:00',1,3,'澎湖群島是台灣的離島之一，以其美麗的海洋景觀而聞名。您可以參觀白沙灣、澎湖環島公路和七美島，欣賞壯觀的海岸線和碧藍的海水。這裡還有豐富的海洋生態，是浮潛和潛水的熱門地點。',1,NULL),
 (18,4,2,'嘉義阿里山森林鐵路 - 蒸汽火車之旅','2023-09-02 16:00:00',1,2,'嘉義阿里山森林鐵路是一條令人難忘的蒸汽火車路線，穿越壯麗的山區。這趟火車之旅將帶您穿越茶園、瀑布和樹林，欣賞大自然的美景。火車站還有茶葉購物和茶品品味的機會。',1,NULL),
 (19,3,1,'東港植物園 - 熱帶植物之旅','2023-09-02 16:00:00',1,3,'東港植物園是台灣一個獨特的植物園，擁有各種熱帶和亞熱帶植物。您可以在這裡漫遊於叢林中，欣賞熱帶花卉、蕨類植物和奇特的樹木。這個園區也有許多觀景台，提供壯觀的山景。',1,NULL),
 (20,3,3,'阿美族部落 - 原住民文化之旅','2023-09-02 16:00:00',1,3,'台東縣的阿美族部落是原住民文化的寶庫。您可以參觀部落的傳統房屋、工藝品和藝術品，了解阿美族的生活方式和傳統。部落周圍還有美麗的自然景色，如太魯閣國家公園，是徒步和探險的好地方。',1,NULL),
 (21,2,3,'日月潭 - 大自然的湖泊寶石','2023-09-03 16:00:00',1,15,'日月潭是台灣最大的淡水湖泊，坐落在南投縣。您可以在湖上划船、騎自行車環湖，或欣賞湖泊周圍的壯觀山脈。此外，您還可以品味當地的特色美食，如碗粿和紅茶。',0,NULL),(22,2,1,'高雄六合夜市 - 美食之旅','2023-09-04 10:22:23',1,7,'高雄六合夜市是台灣最大的夜市之一，提供各種美食和小吃。您可以品嚐到台灣知名的小吃，如美食攤、珍珠奶茶和炸雞排。這個夜市也是購物和娛樂的好地方，吸引了許多遊客。',1,NULL),
 (23,1,2,'台東太麻里部落 - 海洋文化之旅','2023-09-04 10:22:25',1,0,'台東太麻里部落位於台灣東海岸，以其豐富的海洋文化而聞名。您可以參觀漁村、海洋博物館和海洋活動中心，了解當地漁業和海洋生態。此外，這個地方也是衝浪和海灘活動的好去處。',1,NULL),
 (54,1,2,'<li >he</li><li >he</li>','2023-09-13 06:31:48',0,0,'&lt;li &gt;he&lt;/li&gt;&lt;li &gt;he&lt;/li&gt;',1,NULL),
 (56,6,2,'qw','2023-09-14 17:09:08',0,0,'qw',1,NULL),(57,6,2,'qw','2023-09-14 17:09:10',0,0,'qw',1,NULL),
 (58,6,2,'as','2023-09-14 17:16:47',0,0,'ds',1,NULL),(59,6,3,'s','2023-09-14 17:23:11',0,0,'w',1,NULL);
/*!40000 ALTER TABLE `article` ENABLE KEYS */;
UNLOCK TABLES;

--
-- Table structure for table `article_collection`
--

DROP TABLE IF EXISTS `article_collection`;
/*!40101 SET @saved_cs_client     = @@character_set_client */;
/*!50503 SET character_set_client = utf8mb4 */;
CREATE TABLE `article_collection` (
  `article_id` int DEFAULT NULL,
  `mem_id` int DEFAULT NULL
) ENGINE=InnoDB DEFAULT CHARSET=utf8mb4 COLLATE=utf8mb4_0900_ai_ci;
/*!40101 SET character_set_client = @saved_cs_client */;

--
-- Dumping data for table `article_collection`
--

LOCK TABLES `article_collection` WRITE;
/*!40000 ALTER TABLE `article_collection` DISABLE KEYS */;
INSERT INTO `article_collection` VALUES (3,2),(5,3),(7,1),(8,1),(9,2),(10,2),(11,2),(12,2),(14,1),(52,1),(5,1),(6,1),(1,1),(5,6);
/*!40000 ALTER TABLE `article_collection` ENABLE KEYS */;
UNLOCK TABLES;

--
-- Table structure for table `article_comment`
--

DROP TABLE IF EXISTS `article_comment`;
/*!40101 SET @saved_cs_client     = @@character_set_client */;
/*!50503 SET character_set_client = utf8mb4 */;
CREATE TABLE `article_comment` (
  `comm_id` int NOT NULL AUTO_INCREMENT,
  `article_id` int DEFAULT NULL,
  `mem_id` int DEFAULT NULL,
  `comment_time` timestamp NULL DEFAULT CURRENT_TIMESTAMP,
  `comment_post` varchar(1000) NOT NULL,
  `comment_sta` tinyint DEFAULT '1',
  PRIMARY KEY (`comm_id`)
) ENGINE=InnoDB AUTO_INCREMENT=173 DEFAULT CHARSET=utf8mb4 COLLATE=utf8mb4_0900_ai_ci;
/*!40101 SET character_set_client = @saved_cs_client */;

--
-- Dumping data for table `article_comment`
--

LOCK TABLES `article_comment` WRITE;
/*!40000 ALTER TABLE `article_comment` DISABLE KEYS */;
INSERT INTO `article_comment` VALUES
(1,3,3,'2023-09-04 08:11:06','這篇文章太讚了，完全被感動到！',1),
(2,21,2,'2023-09-04 08:11:06','真的太棒了，作者辛苦了！',1),
(3,1,2,'2023-09-04 08:11:06','這個商品太爛了吧',1),
(4,13,1,'2023-09-04 08:11:06','這個景點我去過，非常推薦！',1),
(5,12,2,'2023-09-04 08:11:06','這個地方的風景太美了！',1),
(6,14,6,'2023-09-04 08:11:06','下次去一定要安排這個行程。',1),
(7,21,2,'2023-09-04 08:11:06','有沒有人要一起揪團？',1),
(8,3,2,'2023-09-04 08:11:06','我報名了，期待能認識新朋友！',1),
(9,3,6,'2023-09-04 08:11:06','這次揪團的活動看起來很精彩。',1),
(10,5,9,'2023-09-04 08:11:06','論壇專區的內容都很有趣。',1),
(11,21,10,'2023-09-04 08:11:06','請問有沒有關於旅行的討論？',1),
(12,15,7,'2023-09-04 08:11:06','大家對於旅行的看法是什麼？',1),
(13,19,9,'2023-09-04 08:11:06','請問客服專區的聯絡方式？',1),
(14,22,8,'2023-09-04 08:11:06','有人試過聯絡客服嗎？',1),
(15,6,2,'2023-09-04 08:11:06','對於網站的建議可以在這裡提出。',1),
(16,21,6,'2023-09-04 08:11:06','搜尋功能真的很方便！',1),
(17,1,9,'2023-09-04 08:11:06','我經常在這個網站上找資訊。',1),
(18,8,8,'2023-09-04 08:11:06','希望這個網站越來越好用。',1),
(19,9,5,'2023-09-04 08:11:06','我也是一位購物狂，哈哈。',1),
(20,16,7,'2023-09-04 08:11:06','這個商城的商品種類真的很多。',1),
(21,1,8,'2023-09-04 08:11:06','今天又下單了，希望快點收到。',1),
(22,16,52,'2023-09-04 08:11:06','謝謝分享這個優惠碼！',1),
(23,11,3,'2023-09-04 08:11:06','我剛剛用了，省了不少錢。',1),
(24,6,2,'2023-09-04 08:11:06','下次有優惠別忘了告訴大家。',1),
(25,20,6,'2023-09-04 08:11:06','這個行程規劃得很周到。',1),
(26,12,3,'2023-09-04 08:11:06','我參加過類似的行程，很推薦。',1),
(27,1,4,'2023-09-04 08:11:06','CP值超低，差評不推薦',1),
(28,9,14,'2023-09-04 08:11:06','我也很期待這個活動。',1),
(29,15,6,'2023-09-04 08:11:06','有人一起參加嗎？',1),
(30,1,12,'2023-09-04 08:11:06','葉佩雯?',1),
(31,21,7,'2023-09-04 08:11:06','這個文章內容很精彩！',1),
(32,18,6,'2023-09-04 08:11:06','作者的觀點很獨特。',1),
(33,7,4,'2023-09-04 08:11:06','我對這個話題也很感興趣。',1),
(34,3,5,'2023-09-04 08:11:06','喜歡這篇文章的風格。',1),
(35,17,7,'2023-09-04 08:11:06','文章中的建議都很實用。',1),
(36,15,6,'2023-09-04 08:11:06','期待更多類似的內容。',1),
(37,6,8,'2023-09-04 08:11:06','謝謝分享這個旅遊建議。',1),
(38,18,5,'2023-09-04 08:11:06','我正計劃著要去這個地方。',1),
(39,7,3,'2023-09-04 08:11:06','希望有個愉快的旅程。',1),
(40,9,3,'2023-09-04 08:11:06','這個揪團活動我有參加過。',1),
(41,22,5,'2023-09-04 08:11:06','大家玩得很開心。',1),
(42,22,4,'2023-09-04 08:11:06','這次的活動一定不會失望。',1),
(43,21,2,'2023-09-04 08:11:06','論壇專區的內容都很多元。',1),
(44,3,7,'2023-09-04 08:11:06','論壇專區的內容都很多元。',1),
(45,7,8,'2023-09-04 08:11:06','論壇專區的內容都很多元。',1),
(46,7,7,'2023-09-04 08:11:06','論壇專區的內容都很多元。',1),
(47,7,5,'2023-09-04 08:11:06','論壇專區的內容都很多元。',1),
(48,16,3,'2023-09-04 08:11:06','論壇專區的內容都很多元。',1),
(49,9,9,'2023-09-04 08:11:06','論壇專區的內容都很多元。',1),
(50,15,1,'2023-09-04 08:11:06','我也想參加這個活動，有人一起嗎？',1),
(51,3,7,'2023-09-04 08:11:06','論壇專區的內容都很多元。',1),
(52,22,6,'2023-09-04 08:11:06','論壇專區的內容都很多元。',1),
(53,3,8,'2023-09-04 08:11:06','論壇專區的內容都很多元。',1),
(54,21,7,'2023-09-04 08:11:06','論壇專區的內容都很多元。',1),
(55,8,8,'2023-09-04 08:11:06','論壇專區的內容都很多元。',1),
(56,13,6,'2023-09-04 08:11:06','論壇專區的內容都很多元。',1),
(57,12,8,'2023-09-04 08:11:06','論壇專區的內容都很多元。',1),
(58,20,6,'2023-09-04 08:11:06','這篇文章太讚了，完全被感動到！',1),
(59,15,4,'2023-09-04 08:11:06','真的太棒了，作者辛苦了！',1),
(60,13,4,'2023-09-04 08:11:06','我也想參加這個活動，有人一起嗎？',1),
(61,1,15,'2023-09-04 08:11:06','我也喜歡!!!!!推薦有需要的人入手~~',1),
(62,5,11,'2023-09-04 08:11:06','這個地方的風景太美了！',1),
(63,17,10,'2023-09-04 08:11:06','下次去一定要安排這個行程。',1),
(64,21,15,'2023-09-04 08:11:06','有沒有人要一起揪團？',1),
(65,10,15,'2023-09-04 08:11:06','我報名了，期待能認識新朋友！',1),
(66,22,15,'2023-09-04 08:11:06','這次揪團的活動看起來很精彩。',1),
(67,20,15,'2023-09-04 08:11:06','論壇專區的內容都很有趣。',1),
(68,11,15,'2023-09-04 08:11:06','請問有沒有關於旅行的討論？',1),
(69,14,15,'2023-09-04 08:11:06','大家對於旅行的看法是什麼？',1),
(70,21,15,'2023-09-04 08:11:06','請問客服專區的聯絡方式？',1),
(71,1,15,'2023-09-04 08:11:06','有人試過聯絡客服嗎？',1),
(72,1,15,'2023-09-04 08:11:06','對於網站的建議可以在這裡提出。',1),
(73,21,15,'2023-09-04 08:11:06','搜尋功能真的很方便！',1),
(74,12,15,'2023-09-04 08:11:06','我經常在這個網站上找資訊。',1),
(75,11,15,'2023-09-04 08:11:06','希望這個網站越來越好用。',1),
(76,11,15,'2023-09-04 08:11:06','我也是一位購物狂，哈哈。',1),
(77,8,15,'2023-09-04 08:11:06','這個商城的商品種類真的很多。',1),
(78,13,15,'2023-09-04 08:11:06','今天又下單了，希望快點收到。',1),
(79,9,15,'2023-09-04 08:11:06','謝謝分享這個優惠碼！',1),
(80,15,15,'2023-09-04 08:11:06','我剛剛用了，省了不少錢。',1),
(81,3,15,'2023-09-04 08:11:06','下次有優惠別忘了告訴大家。',1),
(82,13,15,'2023-09-04 08:11:06','這個行程規劃得很周到。',1),
(83,18,15,'2023-09-04 08:11:06','我參加過類似的行程，很推薦。',1),
(84,1,7,'2023-09-04 08:11:06','希望這次的行程一切順利。',1),
(85,3,15,'2023-09-04 08:11:06','我也很期待這個活動。',1),
(86,8,15,'2023-09-04 08:11:06','有人一起參加嗎？',1),
(87,11,15,'2023-09-04 08:11:06','請問活動地點在哪裡？',1),
(88,19,15,'2023-09-04 08:11:06','這個文章內容很精彩！',1),
(89,14,7,'2023-09-04 08:11:06','作者的觀點很獨特。',1),
(90,10,22,'2023-09-04 08:11:06','我對這個話題也很感興趣。',1),
(91,21,15,'2023-09-04 08:11:06','喜歡這篇文章的風格。',1),
(92,10,7,'2023-09-04 08:11:06','文章中的建議都很實用。',1),
(93,5,7,'2023-09-04 08:11:06','期待更多類似的內容。',1),
(94,10,37,'2023-09-04 08:11:06','謝謝分享這個旅遊建議。',1),
(95,21,7,'2023-09-04 08:11:06','我正計劃著要去這個地方。',1),
(96,22,7,'2023-09-04 08:11:06','希望有個愉快的旅程。',1),
(97,12,15,'2023-09-04 08:11:06','這個揪團活動我有參加過。',1),
(98,19,7,'2023-09-04 08:11:06','大家玩得很開心。',1),
(99,17,7,'2023-09-04 08:11:06','這次的活動一定不會失望。',1),
(100,16,2,'2023-09-04 08:11:06','論壇專區的內容都很多元。',1),
(101,5,10,'2023-09-04 08:11:06','論壇專區的內容都很多元。',1),
(102,21,7,'2023-09-04 08:11:06','論壇專區的內容都很多元。',1),
(103,3,3,'2023-09-04 08:11:06','論壇專區的內容都很多元。',1),
(104,14,6,'2023-09-04 08:11:06','論壇專區的內容都很多元。',1),
(105,22,6,'2023-09-04 08:11:06','論壇專區的內容都很多元。',1),
(106,21,3,'2023-09-04 08:11:06','論壇專區的內容都很多元。',1),
(107,6,6,'2023-09-04 08:11:06','論壇專區的內容都很多元。',1),
(108,6,7,'2023-09-04 08:11:06','論壇專區的內容都很多元。',1),
(109,15,6,'2023-09-04 08:11:06','論壇專區的內容都很多元。',1),
(110,5,7,'2023-09-04 08:11:06','論壇專區的內容都很多元。',1),
(111,21,7,'2023-09-04 08:11:06','論壇專區的內容都很多元。',1),
(112,8,21,'2023-09-04 08:11:06','論壇專區的內容都很多元。',1),
(113,10,7,'2023-09-04 08:11:06','論壇專區的內容都很多元。',1),
(114,14,6,'2023-09-04 08:11:06','論壇專區的內容都很多元。',1),
(171,1,6,'2023-09-13 15:19:17','真的嗎?',1),
(172,5,6,'2023-09-14 18:42:36','nice',1);
/*!40000 ALTER TABLE `article_comment` ENABLE KEYS */;
UNLOCK TABLES;

--
-- Table structure for table `article_like`
--

DROP TABLE IF EXISTS `article_like`;
/*!40101 SET @saved_cs_client     = @@character_set_client */;
/*!50503 SET character_set_client = utf8mb4 */;
CREATE TABLE `article_like` (
  `article_id` int DEFAULT NULL,
  `mem_id` int DEFAULT NULL
) ENGINE=InnoDB DEFAULT CHARSET=utf8mb4 COLLATE=utf8mb4_0900_ai_ci;
/*!40101 SET character_set_client = @saved_cs_client */;

--
-- Dumping data for table `article_like`
--

LOCK TABLES `article_like` WRITE;
/*!40000 ALTER TABLE `article_like` DISABLE KEYS */;
INSERT INTO `article_like` VALUES (3,2),(5,3),(6,1),(7,1),(9,2),(10,2),(11,2),(12,2),(14,1),(8,1),(52,1),(1,1),(5,6);
/*!40000 ALTER TABLE `article_like` ENABLE KEYS */;
UNLOCK TABLES;

--
-- Table structure for table `article_picture`
--

DROP TABLE IF EXISTS `article_picture`;
/*!40101 SET @saved_cs_client     = @@character_set_client */;
/*!50503 SET character_set_client = utf8mb4 */;
CREATE TABLE `article_picture` (
  `articlepic_id` int NOT NULL AUTO_INCREMENT,
  `article_id` int DEFAULT NULL,
  `article_pic` mediumblob,
  `article_time` timestamp NULL DEFAULT CURRENT_TIMESTAMP,
  PRIMARY KEY (`articlepic_id`)
) ENGINE=InnoDB AUTO_INCREMENT=177 DEFAULT CHARSET=utf8mb4 COLLATE=utf8mb4_0900_ai_ci;
/*!40101 SET character_set_client = @saved_cs_client */;

--
-- Dumping data for table `article_picture`
--

LOCK TABLES `article_picture` WRITE;

/*!40000 ALTER TABLE `article_picture` ENABLE KEYS */;
UNLOCK TABLES;

--
-- Table structure for table `article_type`
--

DROP TABLE IF EXISTS `article_type`;
/*!40101 SET @saved_cs_client     = @@character_set_client */;
/*!50503 SET character_set_client = utf8mb4 */;
CREATE TABLE `article_type` (
  `ac_type_id` int NOT NULL,
  `ac_type_name` varchar(80) DEFAULT NULL,
  PRIMARY KEY (`ac_type_id`)
) ENGINE=InnoDB DEFAULT CHARSET=utf8mb4 COLLATE=utf8mb4_0900_ai_ci;
/*!40101 SET character_set_client = @saved_cs_client */;

--
-- Dumping data for table `article_type`
--

LOCK TABLES `article_type` WRITE;
/*!40000 ALTER TABLE `article_type` DISABLE KEYS */;
INSERT INTO `article_type` VALUES (1,'全部'),(2,'行程'),(3,'揪團'),(4,'商城');
/*!40000 ALTER TABLE `article_type` ENABLE KEYS */;
UNLOCK TABLES;
/*!40103 SET TIME_ZONE=@OLD_TIME_ZONE */;

/*!40101 SET SQL_MODE=@OLD_SQL_MODE */;
/*!40014 SET FOREIGN_KEY_CHECKS=@OLD_FOREIGN_KEY_CHECKS */;
/*!40014 SET UNIQUE_CHECKS=@OLD_UNIQUE_CHECKS */;
/*!40101 SET CHARACTER_SET_CLIENT=@OLD_CHARACTER_SET_CLIENT */;
/*!40101 SET CHARACTER_SET_RESULTS=@OLD_CHARACTER_SET_RESULTS */;
/*!40101 SET COLLATION_CONNECTION=@OLD_COLLATION_CONNECTION */;
/*!40111 SET SQL_NOTES=@OLD_SQL_NOTES */;

-- Dump completed on 2023-09-15 11:05:48
